"","Sample","genotype","latitude","longitude","age"
"1","BOT14",0,53.17,"67.67",5263.5
"2","BOT15",0,53.17,"67.67",5134.5
"3","BOT2016",0,53.17,"67.67",5450
"4","DA245",0,51.7,"103.7",7940.5
"5","DA246",0,51.7,"103.7",7726.5
"6","DA247",0,51.7,"103.7",7700.5
"7","DA249",0,51.7,"103.7",7839.5
"8","DA250",0,51.7,"103.7",7391.5
"9","DA252",0,51.7,"103.7",7340.5
"10","DA253",0,51.7,"103.7",7246
"11","DA334",0,51.7,"103.7",4121
"12","DA336",0,51.7,"103.7",4200
"13","DA337",0,51.7,"103.7",4330.5
"14","DA340",0,52.29,"104.25",6989.5
"15","DA341",0,52.29,"104.25",7585
"16","DA343",0,53.19,"103.37",4161.5
"17","DA345",0,53.19,"103.37",5455.5
"18","DA353",0,53.19,"103.37",4161.5
"19","DA355",0,53.19,"103.37",5461
"20","DA356",0,53.19,"103.37",4161.5
"21","DA358",1,53.18,"106.96",4709.5
"22","DA359",0,52.29,"104.25",7558.5
"23","DA360",0,53.18,"106.96",4706
"24","DA361",0,53.19,"103.37",4161.5
"25","DA362",0,51.7,"103.7",7241.5
"26","DA381",0,37.19,"61.03",5181
"27","EBA1",0,51.63,"74.66",4111.5
"28","EBA2",0,52.63,"76.73",4494
"29","MA2200",0,39.35,"33.79",3800
"30","MA2203",0,39.35,"33.79",3800
"31","MA2205",0,39.35,"33.79",3800
"32","MA2210",0,38.63,"34.3",4700
"33","MA2212",0,38.63,"34.3",4700
"34","MA2213",0,38.63,"34.3",4700
"35","NEO115",0,49.9,"108",7569
"36","NEO116",0,49.8,"108.8",8189
"37","NEO121",0,44.47,"4.77",4531
"38","NEO122",0,54.96,"11.85",8146
"39","NEO123",0,54.96,"11.85",8182
"40","NEO142",0,46.37,"20.42",6641
"41","NEO160",0,53,"40.4",5269
"42","NEO163",0,53,"40.4",5603
"43","NEO166",0,53,"40.4",5668
"44","NEO170",0,53,"40.4",5562
"45","NEO171",0,53,"40.4",5835
"46","NEO173",0,52.28,"38.96",6345
"47","NEO174",0,52.28,"38.96",5306
"48","NEO178",0,56.78,"40.45",5322
"49","NEO18",0,58.39,"13.56",9901
"50","NEO180",1,56.78,"40.45",5947
"51","NEO184",0,56.78,"40.44",5458
"52","NEO185",0,56.78,"40.45",7034
"53","NEO186",0,56.78,"40.45",6922
"54","NEO187",0,56.78,"40.45",4940
"55","NEO19",0,56.27,"10.47",8163
"56","NEO193",0,56.78,"40.45",5453
"57","NEO194",0,56.78,"40.45",5575
"58","NEO197",0,56.78,"40.45",5245
"59","NEO200",0,52.2,"107",7022
"60","NEO202",0,61.27,"38.91",10884
"61","NEO212",0,50.07,"39.89",7390
"62","NEO225",0,58.17,"13.57",3750
"63","NEO226",0,58.17,"13.57",3757
"64","NEO228",0,58.17,"13.57",3843
"65","NEO23",0,55.6,"11.31",5533
"66","NEO25",0,56.43,"10.79",4956
"67","NEO260",0,58.25,"11.49",5825
"68","NEO261",0,57.74,"11.74",3895
"69","NEO27",1,57.74,"13.4",9694
"70","NEO281",0,42.22,"43.32",9724
"71","NEO283",0,42.22,"43.32",25688
"72","NEO29",0,55.13,"10.9",5489
"73","NEO300",1,47.95,"35.39",6678
"74","NEO302",0,47.95,"35.39",6826
"75","NEO304",0,47.95,"35.39",7011
"76","NEO305",0,48.31,"35.14",6605
"77","NEO306",0,59.41,"27.03",4472
"78","NEO309",1,56.53,"76.67",5826
"79","NEO310",0,36.85,"60.42",7150
"80","NEO36",0,55.57,"13.04",5097
"81","NEO38",0,55.57,"13.04",5072
"82","NEO498",0,48.13,"35.08",7059
"83","NEO502",0,48.13,"35.08",6610
"84","NEO503",0,48.13,"35.08",6708
"85","NEO509",0,48.4,"35.16",4065
"86","NEO51",0,55.56,"13.02",4361
"87","NEO516",0,48.4,"35.16",7095
"88","NEO52",0,55.5,"13.01",3765
"89","NEO521",0,48.4,"35.16",8264
"90","NEO528",0,48.13,"35.08",6839
"91","NEO538",0,59.7,"39.5",2253
"92","NEO555",0,60.41,"38.93",8280
"93","NEO556",0,60.41,"38.93",7036
"94","NEO557",0,60.41,"38.93",7917
"95","NEO558",0,60.41,"38.93",8089
"96","NEO559",0,60.41,"38.93",8268
"97","NEO560",0,60.41,"38.93",7919
"98","NEO561",0,60.41,"38.93",8193
"99","NEO570",0,56.4,"10.72",6369
"100","NEO589",0,55.33,"11.15",7478
"101","NEO590",1,55.34,"11.16",3290
"102","NEO597",0,55.59,"11.57",5210
"103","NEO598",0,55.95,"11.9",6075
"104","NEO609",0,38.68,"-9.16",4333
"105","NEO62",0,68.97,"33.08",3284
"106","NEO624",0,58.73,"-2.94",4897
"107","NEO625",0,58.73,"-2.94",5080
"108","NEO63",0,52.72,"84.68",7062
"109","NEO630",0,58.73,"-2.94",4898
"110","NEO631",1,39.65,"-8.42",7139
"111","NEO632",0,39.65,"-8.42",7349
"112","NEO641",0,50.27,"20.45",5132
"113","NEO646",0,43.4,"-4.71",8273
"114","NEO649",0,43.4,"-4.71",4117
"115","NEO65",0,52.72,"84.68",4793
"116","NEO657",0,44.54,"22.04",8668
"117","NEO658",0,44.54,"22.04",8668
"118","NEO683",1,55.4,"9.83",7529
"119","NEO694",0,38.73,"-0.46",9217
"120","NEO70",0,55.96,"92.79",2760
"121","NEO702",0,55.83,"12.17",5263
"122","NEO721",0,40.44,"-3.5",4170
"123","NEO73",0,56.02,"69.31",7681
"124","NEO737",0,55.23,"11.3",4106
"125","NEO738",0,56.36,"10.59",4103
"126","NEO739",0,56.36,"10.59",3965
"127","NEO749",0,55.85,"12.56",7070
"128","NEO751",0,56.87,"9.22",6343
"129","NEO752",0,55.62,"11.33",3589
"130","NEO759",0,55.4,"12.37",9028
"131","NEO78",0,54.97,"73.37",6956
"132","NEO79",0,53.1,"90.2",4631
"133","NEO791",0,55.33,"11.15",7048
"134","NEO80",0,55.73,"74.29",4795
"135","NEO806",0,40.96,"17.29",3015
"136","NEO812",0,43.32,"2.42",6545
"137","NEO813",0,43.32,"2.42",6545
"138","NEO814",0,55.59,"11.54",7125
"139","NEO816",0,33.76,"47.1",8700
"140","NEO819",0,33.76,"47.1",9344
"141","NEO83",0,55.73,"74.29",5666
"142","NEO843",0,58.75,"102.63",7066
"143","NEO853",1,55.55,"10.62",6047
"144","NEO855",1,56.4,"10.72",6302
"145","NEO866",0,54.87,"11.84",5456
"146","NEO87",0,56.67,"38.02",8259
"147","NEO870",0,55.9,"9.99",4240
"148","NEO876",0,55.9,"9.99",4338
"149","NEO878",1,55.7,"11.86",4026
"150","NEO88",0,56.67,"38.02",7871
"151","NEO891",0,55.73,"12.1",5661
"152","NEO898",0,55.74,"11.43",5080
"153","NEO910",0,55.71,"76.78",3630
"154","NEO911",0,55.71,"76.78",6781
"155","NEO912",0,55.71,"76.78",5539
"156","NEO917",0,55.71,"76.78",5463
"157","NEO92",0,55.4,"12.27",4188
"158","NEO925",0,54.77,"10.68",4947
"159","NEO93",0,55.41,"12.29",3735
"160","NEO932",0,55.25,"11.23",7499
"161","NEO933",0,55.25,"10.75",5337
"162","NEO935",0,55.56,"12.02",5187
"163","NEO938",0,43.4,"-4.71",7878
"164","NEO941",0,56.71,"10.17",6372
"165","NEO942",0,55.58,"11.29",5491
"166","NEO943",0,55.46,"9.69",4614
"167","NEO945",0,56.49,"9.83",5445
"168","NEO946",1,55.71,"12.25",3094
"169","NEO951",0,57.29,"10.03",3242
"170","RISE00",0,59.41,"27.03",4412.5
"171","RISE109",0,50.98,"17.07",3813
"172","RISE150",0,50.92,"16.96",3739
"173","RISE392",0,53.88,"59.08",3961
"174","RISE395",0,52.64,"59.54",3808
"175","RISE479",0,47.34,"18.9",3700
"176","RISE486",0,45.26,"10.38",3903.5
"177","RISE487",0,45.26,"10.38",5245
"178","RISE489",0,45.26,"10.38",4693
"179","RISE493",0,53.15,"91.05",3429
"180","RISE495",0,52.95,"90.19",3100
"181","RISE496",0,52.95,"90.19",3287.5
"182","RISE497",0,52.95,"90.19",3100
"183","RISE499",0,51.91,"88.57",3100
"184","RISE500",0,53.46,"85.45",3550
"185","RISE502",0,51.91,"88.57",3351
"186","RISE503",0,53.46,"85.45",3569
"187","RISE504",0,53.46,"85.45",1145
"188","RISE505",0,53.46,"85.45",3636
"189","RISE509",1,54.36,"90.92",4732
"190","RISE511",0,54.36,"90.92",4744
"191","RISE515",0,53.16,"90.21",4192.5
"192","RISE516",0,53.16,"90.21",4068.5
"193","RISE523",0,53.04,"57.07",3448
"194","RISE552",0,46.62,"43.33",4446
"195","RISE559",1,48.33,"10.9",4284
"196","RISE563",0,48.69,"13.02",4492
"197","RISE569",1,50.19,"14.16",1235
"198","RISE577",0,50.17,"14.32",4000
"199","RISE600",0,50.21,"85.73",2450
"200","RISE602",0,50.62,"86.46",2450
"201","RISE662",0,53.55,"91.03",4069.5
"202","RISE664",0,53.55,"91.03",4282.5
"203","RISE667",0,53.16,"90.21",4300
"204","RISE674",0,53.16,"90.21",4078.5
"205","RISE677",0,53.71,"90.36",4482
"206","RISE680",0,53.71,"90.36",4300
"207","RISE683",1,53.71,"90.36",3976.5
"208","RISE684",0,53.71,"90.36",4252.5
"209","RISE685",0,53.71,"90.36",4300
"210","RISE719",0,54.37,"91.51",4300
"211","RISE94",0,56.03,"14.23",4496.5
"212","RISE98",0,55.38,"13.45",4103.5
"213","VK1",0,60.99,"-45.42",850
"214","VK101",0,65.61,"-17.16",750
"215","VK102",0,65.61,"-17.16",750
"216","VK118",0,63.43,"10.39",650
"217","VK122",0,65.61,"-17.16",750
"218","VK128",1,65.71,"-23.75",900
"219","VK129",0,65.79,"-17.34",900
"220","VK134",1,55.5,"10.33",900
"221","VK139",0,55.5,"10.33",900
"222","VK141",0,55.5,"10.33",900
"223","VK143",0,51.76,"-1.26",1010
"224","VK146",1,51.76,"-1.26",1010
"225","VK147",1,51.76,"-1.26",1010
"226","VK15",0,60,"32.3",800
"227","VK150",0,51.76,"-1.26",1010
"228","VK151",1,51.76,"-1.26",1010
"229","VK154",0,52.7,"18.9",850
"230","VK156",0,52.7,"18.9",850
"231","VK157",0,52.7,"18.9",850
"232","VK160",0,58.78,"36.16",750
"233","VK165",0,51.76,"-1.26",1010
"234","VK166",0,51.76,"-1.26",1010
"235","VK168",0,51.76,"-1.26",1010
"236","VK17",1,60,"32.3",800
"237","VK171",0,53.3,"-4.22",850
"238","VK172",0,51.76,"-1.26",1010
"239","VK173",0,51.76,"-1.26",1010
"240","VK174",0,51.76,"-1.26",1010
"241","VK175",1,51.76,"-1.26",1010
"242","VK176",1,51.76,"-1.26",1010
"243","VK177",0,51.76,"-1.26",1010
"244","VK178",0,51.76,"-1.26",1010
"245","VK179",0,61.18,"-45.68",800
"246","VK18",0,60,"32.3",800
"247","VK183",0,61.18,"-45.68",800
"248","VK184",0,61.18,"-45.68",800
"249","VK187",0,60.99,"-45.42",849
"250","VK190",0,60.55,"-45.34",588
"251","VK201",0,59.13,"-3.32",900
"252","VK202",1,59.13,"-3.32",900
"253","VK203",0,59.13,"-3.32",900
"254","VK204",0,58.93,"-2.75",900
"255","VK205",0,58.93,"-2.75",900
"256","VK207",0,59.13,"-3.32",900
"257","VK219",0,60,"32.3",958
"258","VK220",0,60,"32.3",800
"259","VK221",1,60,"32.3",1039
"260","VK230",0,65.61,"-17.16",750
"261","VK234",0,61.85,"-6.8",250
"262","VK238",1,61.85,"-6.8",250
"263","VK241",0,61.85,"-6.8",250
"264","VK242",0,61.85,"-6.8",250
"265","VK245",0,61.85,"-6.8",250
"266","VK25",0,61.85,"-6.8",250
"267","VK254",0,54.78,"31.87",850
"268","VK256",0,50.67,"-2.47",953
"269","VK257",0,50.67,"-2.47",953
"270","VK258",0,50.67,"-2.47",953
"271","VK259",0,50.67,"-2.47",953
"272","VK260",0,50.67,"-2.47",953
"273","VK262",0,50.67,"-2.47",953
"274","VK263",0,50.67,"-2.47",953
"275","VK264",1,50.67,"-2.47",953
"276","VK265",0,57.18,"13.93",900
"277","VK266",0,57.18,"13.93",900
"278","VK27",0,61.85,"-6.8",250
"279","VK273",0,54.78,"31.87",850
"280","VK274",0,54.85,"10.78",900
"281","VK279",1,55.5,"10.33",900
"282","VK281",0,55.13,"11.95",900
"283","VK282",0,54.96,"10.83",900
"284","VK284",0,55.65,"12.14",900
"285","VK285",0,54.85,"10.78",900
"286","VK287",0,54.85,"10.78",900
"287","VK288",0,54.87,"10.72",900
"288","VK289",0,54.8,"10.69",1000
"289","VK290",0,54.89,"10.74",900
"290","VK291",0,54.8,"10.69",1000
"291","VK295",0,55.51,"10.45",900
"292","VK296",0,55.15,"11.87",1230
"293","VK298",2,55.85,"10.64",900
"294","VK30",0,58.38,"13.65",800
"295","VK301",1,55.43,"10.61",1185
"296","VK303",0,58.38,"13.65",800
"297","VK306",0,58.38,"13.65",800
"298","VK308",1,58.38,"13.65",800
"299","VK314",0,55.05,"10.53",1075
"300","VK316",1,55.51,"10.45",900
"301","VK317",1,54.85,"10.78",900
"302","VK320",0,54.87,"10.72",900
"303","VK322",0,55.33,"8.76",866
"304","VK323",0,55.33,"8.76",900
"305","VK324",0,55.33,"8.76",938
"306","VK325",0,55.33,"8.76",1091
"307","VK326",1,55.33,"8.76",958
"308","VK328",0,55.33,"8.76",1079
"309","VK329",0,55.33,"8.76",1163
"310","VK330",0,55.33,"8.76",861
"311","VK332",0,56.42,"16.43",1092
"312","VK333",0,56.58,"16.46",1065
"313","VK334",0,56.81,"16.73",901
"314","VK335",0,56.73,"16.72",900
"315","VK336",0,56.81,"16.73",1097
"316","VK337",0,56.48,"16.58",1092
"317","VK34",0,58.38,"13.65",800
"318","VK342",1,56.44,"16.57",900
"319","VK343",1,56.55,"16.62",900
"320","VK344",1,56.33,"16.41",900
"321","VK345",0,56.73,"16.72",900
"322","VK348",1,56.88,"16.72",900
"323","VK349",1,56.46,"16.43",1121
"324","VK35",0,58.38,"13.65",800
"325","VK350",0,56.73,"16.72",1151
"326","VK352",1,56.72,"16.71",900
"327","VK354",0,56.44,"16.57",964
"328","VK355",0,56.29,"16.41",1102
"329","VK357",0,56.42,"16.43",897
"330","VK358",1,56.81,"16.73",1097
"331","VK361",0,54.87,"10.72",900
"332","VK362",0,54.87,"10.72",900
"333","VK363",0,54.87,"10.72",900
"334","VK365",0,54.87,"10.72",900
"335","VK367",0,54.87,"10.72",900
"336","VK368",1,54.87,"10.72",900
"337","VK369",0,55.56,"11.25",1075
"338","VK370",1,55.5,"10.33",900
"339","VK371",0,55.5,"10.33",1065
"340","VK372",0,55.5,"10.33",900
"341","VK373",0,55.5,"10.33",900
"342","VK384",0,55.95,"10.2",1075
"343","VK385",0,55.6,"11.95",1075
"344","VK386",0,62.09,"9.05",900
"345","VK387",0,60.31,"10.43",850
"346","VK388",0,68.34,"15.66",700
"347","VK389",0,59.22,"9.61",900
"348","VK392",0,59.58,"7.92",1000
"349","VK393",0,60.84,"11",900
"350","VK394",0,61.15,"11.34",900
"351","VK395",0,58.38,"13.65",800
"352","VK396",0,58.38,"13.65",800
"353","VK397",0,58.38,"13.65",800
"354","VK398",0,58.38,"13.65",800
"355","VK399",0,58.38,"13.65",800
"356","VK40",0,58.38,"13.65",800
"357","VK400",0,58.38,"13.65",800
"358","VK401",0,58.38,"13.65",800
"359","VK402",0,58.38,"13.65",800
"360","VK403",0,58.38,"13.65",800
"361","VK404",0,58.38,"13.65",800
"362","VK405",0,58.38,"13.65",800
"363","VK407",0,58.38,"13.65",800
"364","VK408",2,60,"32.3",800
"365","VK414",0,61.88,"8.4",850
"366","VK415",0,60.29,"10.63",950
"367","VK418",0,67.94,"14.98",1500
"368","VK419",0,67.29,"14.42",1100
"369","VK42",0,58.38,"13.65",800
"370","VK422",0,61.15,"11.34",900
"371","VK425",0,58.38,"13.65",800
"372","VK426",0,58.38,"13.65",800
"373","VK428",0,57.34,"18.19",975
"374","VK429",0,57.34,"18.19",975
"375","VK433",0,57.34,"18.19",975
"376","VK438",0,57.34,"18.19",975
"377","VK44",0,61.85,"-6.8",250
"378","VK442",0,56.42,"16.43",1102
"379","VK443",0,57.34,"17.02",900
"380","VK444",0,56.42,"16.43",1102
"381","VK445",0,55.62,"11.97",900
"382","VK446",0,55.5,"10.33",900
"383","VK448",0,60.8,"10.87",950
"384","VK455",0,57.34,"18.19",975
"385","VK456",1,57.34,"18.19",975
"386","VK457",0,57.34,"18.19",975
"387","VK458",0,57.34,"18.19",975
"388","VK46",0,61.85,"-6.8",250
"389","VK468",1,57.63,"18.28",975
"390","VK473",0,57.63,"18.28",975
"391","VK474",0,57.63,"18.28",975
"392","VK475",0,57.63,"18.28",975
"393","VK477",0,57.63,"18.28",975
"394","VK48",0,57.63,"18.28",975
"395","VK480",0,58.17,"22.25",1100
"396","VK481",0,58.17,"22.25",1100
"397","VK482",0,58.17,"22.25",1100
"398","VK483",0,58.17,"22.25",1100
"399","VK484",1,58.17,"22.25",1100
"400","VK485",0,58.17,"22.25",1100
"401","VK486",0,58.17,"22.25",1100
"402","VK487",0,58.17,"22.25",1100
"403","VK488",0,58.17,"22.25",1100
"404","VK489",0,58.17,"22.25",1100
"405","VK491",0,58.17,"22.25",1100
"406","VK492",0,58.17,"22.25",1100
"407","VK493",0,58.17,"22.25",1100
"408","VK494",0,50.68,"21.75",850
"409","VK495",1,58.17,"22.25",1100
"410","VK496",0,58.17,"22.25",1100
"411","VK497",0,58.17,"22.25",1100
"412","VK498",0,58.17,"22.25",1100
"413","VK50",0,57.63,"18.28",975
"414","VK504",0,58.17,"22.25",1100
"415","VK505",0,58.17,"22.25",1100
"416","VK506",0,58.17,"22.25",1100
"417","VK507",0,58.17,"22.25",1100
"418","VK508",0,58.17,"22.25",1100
"419","VK509",0,58.17,"22.25",1100
"420","VK51",0,57.63,"18.28",975
"421","VK510",1,58.17,"22.25",1100
"422","VK511",0,58.17,"22.25",1100
"423","VK513",0,61.18,"-45.68",800
"424","VK514",1,67.91,"15.13",1100
"425","VK517",0,59.86,"17.65",800
"426","VK518",0,67.69,"12.7",1000
"427","VK521",1,55.64,"12.24",1650
"428","VK522",0,56.54,"16.61",1564
"429","VK523",0,63.83,"9.7",1800
"430","VK524",0,66.26,"12.73",900
"431","VK525",0,66.18,"12.72",1000
"432","VK526",1,65.97,"12.27",1000
"433","VK527",0,59.86,"17.65",800
"434","VK528",1,69.65,"18.16",1050
"435","VK532",0,55.66,"12.25",950
"436","VK533",1,56.81,"16.73",900
"437","VK534",0,41.42,"15.58",800
"438","VK536",0,41.34,"15.26",700
"439","VK537",0,41.34,"15.26",700
"440","VK538",0,41.34,"15.26",700
"441","VK539",0,51.37,"31.18",800
"442","VK540",0,51.37,"31.18",800
"443","VK541",0,50.74,"25.32",250
"444","VK542",0,51.49,"31.31",800
"445","VK543",0,53.51,"-10.13",1000
"446","VK544",0,53.39,"-6.3",1000
"447","VK547",0,68.55,"16.4",950
"448","VK548",1,63.44,"11.22",1000
"449","VK549",0,58.17,"22.25",1100
"450","VK550",0,58.17,"22.25",1100
"451","VK551",1,58.17,"22.25",1100
"452","VK553",0,58.17,"22.25",1100
"453","VK554",0,58.17,"22.25",1100
"454","VK555",0,58.17,"22.25",1100
"455","VK56",0,57.34,"18.19",975
"456","VK58",0,57.34,"18.19",975
"457","VK6",0,60.99,"-45.42",850
"458","VK65",0,55.87,"12.08",1200
"459","VK70",1,55.87,"12.08",1200
"460","VK84",1,55.95,"10.2",1075
"461","VK87",0,55.95,"10.2",1075
"462","VK90",0,55.6,"11.95",1075
"463","VK92",0,55.6,"11.95",1075
"464","VK98",0,65.61,"-17.16",750
"465","Yamnaya",1,49.13,"75.85",4902.5
