"","Sample","genotype","latitude","longitude","age"
"1","NEO115",0,49.9,108,7569
"2","NEO116",0,49.8,108.8,8189
"3","NEO121",0,44.47,4.77,4531
"4","NEO122",0,54.96,11.85,8146
"5","NEO123",0,54.96,11.85,8182
"6","NEO142",0,46.37,20.42,6641
"7","NEO160",0,53,40.4,5269
"8","NEO163",0,53,40.4,5603
"9","NEO166",0,53,40.4,5668
"10","NEO170",0,53,40.4,5562
"11","NEO171",0,53,40.4,5835
"12","NEO173",0,52.28,38.96,6345
"13","NEO174",0,52.28,38.96,5306
"14","NEO178",0,56.78,40.45,5322
"15","NEO18",0,58.39,13.56,9901
"16","NEO180",1,56.78,40.45,5947
"17","NEO184",0,56.78,40.44,5458
"18","NEO185",0,56.78,40.45,7034
"19","NEO186",0,56.78,40.45,6922
"20","NEO187",0,56.78,40.45,4940
"21","NEO19",0,56.27,10.47,8163
"22","NEO193",0,56.78,40.45,5453
"23","NEO194",0,56.78,40.45,5575
"24","NEO197",0,56.78,40.45,5245
"25","NEO200",0,52.2,107,7022
"26","NEO202",0,61.27,38.91,10884
"27","NEO212",0,50.07,39.89,7390
"28","NEO225",0,58.17,13.57,3750
"29","NEO226",0,58.17,13.57,3757
"30","NEO228",0,58.17,13.57,3843
"31","NEO23",0,55.6,11.31,5533
"32","NEO25",0,56.43,10.79,4956
"33","NEO260",0,58.25,11.49,5825
"34","NEO261",0,57.74,11.74,3895
"35","NEO27",1,57.74,13.4,9694
"36","NEO281",0,42.22,43.32,9724
"37","NEO283",0,42.22,43.32,25688
"38","NEO29",0,55.13,10.9,5489
"39","NEO300",1,47.95,35.39,6678
"40","NEO302",0,47.95,35.39,6826
"41","NEO304",0,47.95,35.39,7011
"42","NEO305",0,48.31,35.14,6605
"43","NEO306",0,59.41,27.03,4472
"44","NEO309",1,56.53,76.67,5826
"45","NEO310",0,36.85,60.42,7150
"46","NEO36",0,55.57,13.04,5097
"47","NEO38",0,55.57,13.04,5072
"48","NEO498",0,48.13,35.08,7059
"49","NEO502",0,48.13,35.08,6610
"50","NEO503",0,48.13,35.08,6708
"51","NEO509",0,48.4,35.16,4065
"52","NEO51",0,55.56,13.02,4361
"53","NEO516",0,48.4,35.16,7095
"54","NEO52",0,55.5,13.01,3765
"55","NEO521",0,48.4,35.16,8264
"56","NEO528",0,48.13,35.08,6839
"57","NEO538",0,59.7,39.5,2253
"58","NEO555",0,60.41,38.93,8280
"59","NEO556",0,60.41,38.93,7036
"60","NEO557",0,60.41,38.93,7917
"61","NEO558",0,60.41,38.93,8089
"62","NEO559",0,60.41,38.93,8268
"63","NEO560",0,60.41,38.93,7919
"64","NEO561",0,60.41,38.93,8193
"65","NEO570",0,56.4,10.72,6369
"66","NEO589",0,55.33,11.15,7478
"67","NEO590",1,55.34,11.16,3290
"68","NEO597",0,55.59,11.57,5210
"69","NEO598",0,55.95,11.9,6075
"70","NEO609",0,38.68,-9.16,4333
"71","NEO62",0,68.97,33.08,3284
"72","NEO624",0,58.73,-2.94,4897
"73","NEO625",0,58.73,-2.94,5080
"74","NEO63",0,52.72,84.68,7062
"75","NEO630",0,58.73,-2.94,4898
"76","NEO631",1,39.65,-8.42,7139
"77","NEO632",0,39.65,-8.42,7349
"78","NEO641",0,50.27,20.45,5132
"79","NEO646",0,43.4,-4.71,8273
"80","NEO649",0,43.4,-4.71,4117
"81","NEO65",0,52.72,84.68,4793
"82","NEO657",0,44.54,22.04,8668
"83","NEO658",0,44.54,22.04,8668
"84","NEO683",1,55.4,9.83,7529
"85","NEO694",0,38.73,-0.46,9217
"86","NEO70",0,55.96,92.79,2760
"87","NEO702",0,55.83,12.17,5263
"88","NEO721",0,40.44,-3.5,4170
"89","NEO73",0,56.02,69.31,7681
"90","NEO737",0,55.23,11.3,4106
"91","NEO738",0,56.36,10.59,4103
"92","NEO739",0,56.36,10.59,3965
"93","NEO749",0,55.85,12.56,7070
"94","NEO751",0,56.87,9.22,6343
"95","NEO752",0,55.62,11.33,3589
"96","NEO759",0,55.4,12.37,9028
"97","NEO78",0,54.97,73.37,6956
"98","NEO79",0,53.1,90.2,4631
"99","NEO791",0,55.33,11.15,7048
"100","NEO80",0,55.73,74.29,4795
"101","NEO806",0,40.96,17.29,3015
"102","NEO812",0,43.32,2.42,6545
"103","NEO813",0,43.32,2.42,6545
"104","NEO814",0,55.59,11.54,7125
"105","NEO816",0,33.76,47.1,8700
"106","NEO819",0,33.76,47.1,9344
"107","NEO83",0,55.73,74.29,5666
"108","NEO843",0,58.75,102.63,7066
"109","NEO853",1,55.55,10.62,6047
"110","NEO855",1,56.4,10.72,6302
"111","NEO866",0,54.87,11.84,5456
"112","NEO87",0,56.67,38.02,8259
"113","NEO870",0,55.9,9.99,4240
"114","NEO876",0,55.9,9.99,4338
"115","NEO878",1,55.7,11.86,4026
"116","NEO88",0,56.67,38.02,7871
"117","NEO891",0,55.73,12.1,5661
"118","NEO898",0,55.74,11.43,5080
"119","NEO910",0,55.71,76.78,3630
"120","NEO911",0,55.71,76.78,6781
"121","NEO912",0,55.71,76.78,5539
"122","NEO917",0,55.71,76.78,5463
"123","NEO92",0,55.4,12.27,4188
"124","NEO925",0,54.77,10.68,4947
"125","NEO93",0,55.41,12.29,3735
"126","NEO932",0,55.25,11.23,7499
"127","NEO933",0,55.25,10.75,5337
"128","NEO935",0,55.56,12.02,5187
"129","NEO938",0,43.4,-4.71,7878
"130","NEO941",0,56.71,10.17,6372
"131","NEO942",0,55.58,11.29,5491
"132","NEO943",0,55.46,9.69,4614
"133","NEO945",0,56.49,9.83,5445
"134","NEO946",1,55.71,12.25,3094
"135","NEO951",0,57.29,10.03,3242
"136","RISE00",0,59.41,27.03,4412.5
"137","RISE109",0,50.98,17.07,3813
"138","RISE150",0,50.92,16.96,3739
"139","RISE392",0,53.88,59.08,3961
"140","RISE395",0,52.64,59.54,3808
"141","RISE479",0,47.34,18.9,3700
"142","RISE486",0,45.26,10.38,3903.5
"143","RISE487",0,45.26,10.38,5245
"144","RISE489",0,45.26,10.38,4693
"145","RISE493",0,53.15,91.05,3429
"146","RISE495",0,52.95,90.19,3100
"147","RISE496",0,52.95,90.19,3287.5
"148","RISE497",0,52.95,90.19,3100
"149","RISE499",0,51.91,88.57,3100
"150","RISE500",0,53.46,85.45,3550
"151","RISE502",0,51.91,88.57,3351
"152","RISE503",0,53.46,85.45,3569
"153","RISE504",0,53.46,85.45,1145
"154","RISE505",0,53.46,85.45,3636
"155","RISE509",1,54.36,90.92,4732
"156","RISE511",0,54.36,90.92,4744
"157","RISE523",0,53.04,57.07,3448
"158","RISE552",0,46.62,43.33,4446
"159","RISE559",1,48.33,10.9,4284
"160","RISE563",0,48.69,13.02,4492
"161","RISE569",1,50.19,14.16,1235
"162","RISE577",0,50.17,14.32,4000
"163","RISE600",0,50.21,85.73,2450
"164","RISE602",0,50.62,86.46,2450
"165","RISE94",0,56.03,14.23,4496.5
"166","RISE98",0,55.38,13.45,4103.5
"167","VK1",0,60.99,-45.42,850
"168","VK101",0,65.61,-17.16,750
"169","VK102",0,65.61,-17.16,750
"170","VK118",0,63.43,10.39,650
"171","VK122",0,65.61,-17.16,750
"172","VK128",1,65.71,-23.75,900
"173","VK129",0,65.79,-17.34,900
"174","VK134",1,55.5,10.33,900
"175","VK139",0,55.5,10.33,900
"176","VK141",0,55.5,10.33,900
"177","VK143",0,51.76,-1.26,1010
"178","VK146",1,51.76,-1.26,1010
"179","VK147",1,51.76,-1.26,1010
"180","VK15",0,60,32.3,800
"181","VK150",0,51.76,-1.26,1010
"182","VK151",1,51.76,-1.26,1010
"183","VK154",0,52.7,18.9,850
"184","VK156",0,52.7,18.9,850
"185","VK157",0,52.7,18.9,850
"186","VK160",0,58.78,36.16,750
"187","VK165",0,51.76,-1.26,1010
"188","VK166",0,51.76,-1.26,1010
"189","VK168",0,51.76,-1.26,1010
"190","VK17",1,60,32.3,800
"191","VK171",0,53.3,-4.22,850
"192","VK172",0,51.76,-1.26,1010
"193","VK173",0,51.76,-1.26,1010
"194","VK174",0,51.76,-1.26,1010
"195","VK175",1,51.76,-1.26,1010
"196","VK176",1,51.76,-1.26,1010
"197","VK177",0,51.76,-1.26,1010
"198","VK178",0,51.76,-1.26,1010
"199","VK179",0,61.18,-45.68,800
"200","VK18",0,60,32.3,800
"201","VK183",0,61.18,-45.68,800
"202","VK184",0,61.18,-45.68,800
"203","VK187",0,60.99,-45.42,849
"204","VK190",0,60.55,-45.34,588
"205","VK201",0,59.13,-3.32,900
"206","VK202",1,59.13,-3.32,900
"207","VK203",0,59.13,-3.32,900
"208","VK204",0,58.93,-2.75,900
"209","VK205",0,58.93,-2.75,900
"210","VK207",0,59.13,-3.32,900
"211","VK219",0,60,32.3,958
"212","VK220",0,60,32.3,800
"213","VK221",1,60,32.3,1039
"214","VK230",0,65.61,-17.16,750
"215","VK234",0,61.85,-6.8,250
"216","VK238",1,61.85,-6.8,250
"217","VK241",0,61.85,-6.8,250
"218","VK242",0,61.85,-6.8,250
"219","VK245",0,61.85,-6.8,250
"220","VK25",0,61.85,-6.8,250
"221","VK254",0,54.78,31.87,850
"222","VK256",0,50.67,-2.47,953
"223","VK257",0,50.67,-2.47,953
"224","VK258",0,50.67,-2.47,953
"225","VK259",0,50.67,-2.47,953
"226","VK260",0,50.67,-2.47,953
"227","VK262",0,50.67,-2.47,953
"228","VK263",0,50.67,-2.47,953
"229","VK264",1,50.67,-2.47,953
"230","VK265",0,57.18,13.93,900
"231","VK266",0,57.18,13.93,900
"232","VK27",0,61.85,-6.8,250
"233","VK273",0,54.78,31.87,850
"234","VK274",0,54.85,10.78,900
"235","VK279",1,55.5,10.33,900
"236","VK281",0,55.13,11.95,900
"237","VK282",0,54.96,10.83,900
"238","VK284",0,55.65,12.14,900
"239","VK285",0,54.85,10.78,900
"240","VK287",0,54.85,10.78,900
"241","VK288",0,54.87,10.72,900
"242","VK289",0,54.8,10.69,1000
"243","VK290",0,54.89,10.74,900
"244","VK291",0,54.8,10.69,1000
"245","VK295",0,55.51,10.45,900
"246","VK296",0,55.15,11.87,1230
"247","VK298",2,55.85,10.64,900
"248","VK30",0,58.38,13.65,800
"249","VK301",1,55.43,10.61,1185
"250","VK303",0,58.38,13.65,800
"251","VK306",0,58.38,13.65,800
"252","VK308",1,58.38,13.65,800
"253","VK314",0,55.05,10.53,1075
"254","VK316",1,55.51,10.45,900
"255","VK317",1,54.85,10.78,900
"256","VK320",0,54.87,10.72,900
"257","VK322",0,55.33,8.76,866
"258","VK323",0,55.33,8.76,900
"259","VK324",0,55.33,8.76,938
"260","VK325",0,55.33,8.76,1091
"261","VK326",1,55.33,8.76,958
"262","VK328",0,55.33,8.76,1079
"263","VK329",0,55.33,8.76,1163
"264","VK330",0,55.33,8.76,861
"265","VK332",0,56.42,16.43,1092
"266","VK333",0,56.58,16.46,1065
"267","VK334",0,56.81,16.73,901
"268","VK335",0,56.73,16.72,900
"269","VK336",0,56.81,16.73,1097
"270","VK337",0,56.48,16.58,1092
"271","VK34",0,58.38,13.65,800
"272","VK342",1,56.44,16.57,900
"273","VK343",1,56.55,16.62,900
"274","VK344",1,56.33,16.41,900
"275","VK345",0,56.73,16.72,900
"276","VK348",1,56.88,16.72,900
"277","VK349",1,56.46,16.43,1121
"278","VK35",0,58.38,13.65,800
"279","VK350",0,56.73,16.72,1151
"280","VK352",1,56.72,16.71,900
"281","VK354",0,56.44,16.57,964
"282","VK355",0,56.29,16.41,1102
"283","VK357",0,56.42,16.43,897
"284","VK358",1,56.81,16.73,1097
"285","VK361",0,54.87,10.72,900
"286","VK362",0,54.87,10.72,900
"287","VK363",0,54.87,10.72,900
"288","VK365",0,54.87,10.72,900
"289","VK367",0,54.87,10.72,900
"290","VK368",1,54.87,10.72,900
"291","VK369",0,55.56,11.25,1075
"292","VK370",1,55.5,10.33,900
"293","VK371",0,55.5,10.33,1065
"294","VK372",0,55.5,10.33,900
"295","VK373",0,55.5,10.33,900
"296","VK384",0,55.95,10.2,1075
"297","VK385",0,55.6,11.95,1075
"298","VK386",0,62.09,9.05,900
"299","VK387",0,60.31,10.43,850
"300","VK388",0,68.34,15.66,700
"301","VK389",0,59.22,9.61,900
"302","VK392",0,59.58,7.92,1000
"303","VK393",0,60.84,11,900
"304","VK394",0,61.15,11.34,900
"305","VK395",0,58.38,13.65,800
"306","VK396",0,58.38,13.65,800
"307","VK397",0,58.38,13.65,800
"308","VK398",0,58.38,13.65,800
"309","VK399",0,58.38,13.65,800
"310","VK40",0,58.38,13.65,800
"311","VK400",0,58.38,13.65,800
"312","VK401",0,58.38,13.65,800
"313","VK402",0,58.38,13.65,800
"314","VK403",0,58.38,13.65,800
"315","VK404",0,58.38,13.65,800
"316","VK405",0,58.38,13.65,800
"317","VK407",0,58.38,13.65,800
"318","VK408",2,60,32.3,800
"319","VK414",0,61.88,8.4,850
"320","VK415",0,60.29,10.63,950
"321","VK418",0,67.94,14.98,1500
"322","VK419",0,67.29,14.42,1100
"323","VK42",0,58.38,13.65,800
"324","VK422",0,61.15,11.34,900
"325","VK425",0,58.38,13.65,800
"326","VK426",0,58.38,13.65,800
"327","VK428",0,57.34,18.19,975
"328","VK429",0,57.34,18.19,975
"329","VK433",0,57.34,18.19,975
"330","VK438",0,57.34,18.19,975
"331","VK44",0,61.85,-6.8,250
"332","VK442",0,56.42,16.43,1102
"333","VK443",0,57.34,17.02,900
"334","VK444",0,56.42,16.43,1102
"335","VK445",0,55.62,11.97,900
"336","VK446",0,55.5,10.33,900
"337","VK448",0,60.8,10.87,950
"338","VK455",0,57.34,18.19,975
"339","VK456",1,57.34,18.19,975
"340","VK457",0,57.34,18.19,975
"341","VK458",0,57.34,18.19,975
"342","VK46",0,61.85,-6.8,250
"343","VK468",1,57.63,18.28,975
"344","VK473",0,57.63,18.28,975
"345","VK474",0,57.63,18.28,975
"346","VK475",0,57.63,18.28,975
"347","VK477",0,57.63,18.28,975
"348","VK48",0,57.63,18.28,975
"349","VK480",0,58.17,22.25,1100
"350","VK481",0,58.17,22.25,1100
"351","VK482",0,58.17,22.25,1100
"352","VK483",0,58.17,22.25,1100
"353","VK484",1,58.17,22.25,1100
"354","VK485",0,58.17,22.25,1100
"355","VK486",0,58.17,22.25,1100
"356","VK487",0,58.17,22.25,1100
"357","VK488",0,58.17,22.25,1100
"358","VK489",0,58.17,22.25,1100
"359","VK491",0,58.17,22.25,1100
"360","VK492",0,58.17,22.25,1100
"361","VK493",0,58.17,22.25,1100
"362","VK494",0,50.68,21.75,850
"363","VK495",1,58.17,22.25,1100
"364","VK496",0,58.17,22.25,1100
"365","VK497",0,58.17,22.25,1100
"366","VK498",0,58.17,22.25,1100
"367","VK50",0,57.63,18.28,975
"368","VK504",0,58.17,22.25,1100
"369","VK505",0,58.17,22.25,1100
"370","VK506",0,58.17,22.25,1100
"371","VK507",0,58.17,22.25,1100
"372","VK508",0,58.17,22.25,1100
"373","VK509",0,58.17,22.25,1100
"374","VK51",0,57.63,18.28,975
"375","VK510",1,58.17,22.25,1100
"376","VK511",0,58.17,22.25,1100
"377","VK513",0,61.18,-45.68,800
"378","VK514",1,67.91,15.13,1100
"379","VK517",0,59.86,17.65,800
"380","VK518",0,67.69,12.7,1000
"381","VK521",1,55.64,12.24,1650
"382","VK522",0,56.54,16.61,1564
"383","VK523",0,63.83,9.7,1800
"384","VK524",0,66.26,12.73,900
"385","VK525",0,66.18,12.72,1000
"386","VK526",1,65.97,12.27,1000
"387","VK527",0,59.86,17.65,800
"388","VK528",1,69.65,18.16,1050
"389","VK532",0,55.66,12.25,950
"390","VK533",1,56.81,16.73,900
"391","VK534",0,41.42,15.58,800
"392","VK536",0,41.34,15.26,700
"393","VK537",0,41.34,15.26,700
"394","VK538",0,41.34,15.26,700
"395","VK539",0,51.37,31.18,800
"396","VK540",0,51.37,31.18,800
"397","VK541",0,50.74,25.32,250
"398","VK542",0,51.49,31.31,800
"399","VK543",0,53.51,-10.13,1000
"400","VK544",0,53.39,-6.3,1000
"401","VK547",0,68.55,16.4,950
"402","VK548",1,63.44,11.22,1000
"403","VK549",0,58.17,22.25,1100
"404","VK550",0,58.17,22.25,1100
"405","VK551",1,58.17,22.25,1100
"406","VK553",0,58.17,22.25,1100
"407","VK554",0,58.17,22.25,1100
"408","VK555",0,58.17,22.25,1100
"409","VK56",0,57.34,18.19,975
"410","VK58",0,57.34,18.19,975
"411","VK6",0,60.99,-45.42,850
"412","VK65",0,55.87,12.08,1200
"413","VK70",1,55.87,12.08,1200
"414","VK84",1,55.95,10.2,1075
"415","VK87",0,55.95,10.2,1075
"416","VK90",0,55.6,11.95,1075
"417","VK92",0,55.6,11.95,1075
"418","VK98",0,65.61,-17.16,750
